{
  "train_loss": [
    0.24112067007741264,
    0.18811045075918353,
    0.14938565555873307,
    0.1283333621659251,
    0.1421813089833703
  ],
  "val_loss": [
    1.2146398855192606,
    0.09841818322605114,
    0.04577729957221842,
    0.07661989966662831,
    0.08222179847261728
  ],
  "train_acc": [
    89.24418604651163,
    92.80523255813954,
    93.8953488372093,
    95.13081395348837,
    93.82267441860465
  ],
  "val_acc": [
    83.61204013377926,
    95.31772575250837,
    98.32775919732441,
    97.9933110367893,
    95.65217391304348
  ],
  "learning_rates": [
    0.001,
    0.001,
    0.001,
    0.001,
    0.001
  ],
  "epoch_times": [
    92.2760169506073,
    93.46655368804932,
    94.1480815410614,
    98.13680481910706,
    94.83001184463501
  ]
}