{
  "train_loss": [
    0.11793588556695817,
    0.03649947503689936,
    0.02236153739829396,
    0.017911006014274304,
    0.017989454172324216
  ],
  "val_loss": [
    0.11267584572268968,
    0.03618089505860638,
    0.03589451671842747,
    0.045266408610304065,
    0.043245005193960705
  ],
  "train_acc": [
    95.78488372093024,
    98.61918604651163,
    99.27325581395348,
    99.27325581395348,
    99.4186046511628
  ],
  "val_acc": [
    96.32107023411372,
    98.32775919732441,
    98.32775919732441,
    97.65886287625418,
    98.32775919732441
  ],
  "learning_rates": [
    0.001,
    0.001,
    0.001,
    0.001,
    0.001
  ],
  "epoch_times": [
    22.495692014694214,
    23.77327251434326,
    21.925594806671143,
    23.37927222251892,
    15.287917613983154
  ]
}