{
  "train_loss": [
    0.29674690268760506,
    0.19209701108724572,
    0.15700281342101652,
    0.13452345323424006,
    0.1253383244539416
  ],
  "val_loss": [
    0.07453312488104587,
    0.1082682046403853,
    0.11340066043030857,
    0.05347390881549555,
    0.1610485366405452
  ],
  "train_acc": [
    88.00872093023256,
    92.87790697674419,
    94.62209302325581,
    94.18604651162791,
    95.13081395348837
  ],
  "val_acc": [
    97.32441471571906,
    96.65551839464882,
    96.32107023411372,
    98.66220735785953,
    93.31103678929766
  ],
  "learning_rates": [
    0.001,
    0.001,
    0.001,
    0.001,
    0.001
  ],
  "epoch_times": [
    102.46923470497131,
    120.64413189888,
    82.92771363258362,
    114.34027338027954,
    124.96806693077087
  ]
}