{
  "train_loss": [
    0.5711700209351473,
    0.5332577921623407,
    0.529529681039411,
    0.5285807390545689,
    0.5241323764934096
  ],
  "val_loss": [
    0.5256499990970395,
    0.5243219055459651,
    0.5221624623572946,
    0.5222203241144135,
    0.5188408779061359
  ],
  "train_acc": [
    90.11627906976744,
    96.43895348837209,
    97.16569767441861,
    96.58430232558139,
    98.11046511627907
  ],
  "val_acc": [
    97.9933110367893,
    98.32775919732441,
    98.32775919732441,
    97.9933110367893,
    98.99665551839465
  ],
  "learning_rates": [
    0.001,
    0.001,
    0.001,
    0.001,
    0.001
  ],
  "epoch_times": [
    65.66215324401855,
    39.17448282241821,
    41.58931589126587,
    37.34706234931946,
    34.04800367355347
  ]
}