{
  "train_loss": [
    0.320208536504313,
    0.16071351400988046,
    0.1222736906520156,
    0.12375852495951709,
    0.1324078633428313
  ],
  "val_loss": [
    0.573009394483024,
    0.27971522206048105,
    0.18744121481941695,
    0.11500471738170222,
    0.12752828682246414
  ],
  "train_acc": [
    86.70058139534883,
    93.67732558139535,
    95.56686046511628,
    96.07558139534883,
    95.13081395348837
  ],
  "val_acc": [
    71.57190635451505,
    90.63545150501672,
    94.98327759197325,
    96.65551839464882,
    96.98996655518394
  ],
  "learning_rates": [
    0.001,
    0.001,
    0.001,
    0.001,
    0.001
  ],
  "epoch_times": [
    54.16380524635315,
    54.36342668533325,
    51.70100927352905,
    53.1053261756897,
    55.452399492263794
  ]
}