{
  "train_loss": [
    0.05432819131993287,
    0.03091557589349584,
    0.02403515219625209,
    0.02817043984251742,
    0.026001822400154084,
    0.02321127807643293,
    0.022058244349274125,
    0.016735508487775802
  ],
  "val_loss": [
    0.03406970787234391,
    0.027262217758705576,
    0.03219259908963036,
    0.02437669595828634,
    0.10567745572072794,
    0.07116045668179113,
    0.029074148731106884,
    0.03891828287895628
  ],
  "train_acc": [
    97.98425572519083,
    99.16507633587786,
    99.21278625954199,
    99.16507633587786,
    99.09351145038168,
    99.18893129770993,
    99.15314885496183,
    99.42748091603053
  ],
  "val_acc": [
    99.22178988326849,
    99.38854919399667,
    98.94385769872152,
    99.38854919399667,
    97.1650917176209,
    98.05447470817121,
    99.16620344635909,
    98.94385769872152
  ],
  "learning_rates": [
    0.001,
    0.001,
    0.001,
    0.001,
    0.001,
    0.001,
    0.001,
    0.0001
  ],
  "epoch_times": [
    268.81476283073425,
    313.8538818359375,
    272.532039642334,
    449.6224400997162,
    209.36424207687378,
    154.63537573814392,
    65.69215559959412,
    109.81485867500305
  ]
}