{
  "train_loss": [
    0.20128060675897572,
    0.11557461895308523,
    0.10675712685685518,
    0.0854959300567591,
    0.06456820921279317
  ],
  "val_loss": [
    0.06944134156141792,
    0.07621492126514282,
    0.035271868788727546,
    0.043029984783219254,
    0.05451580133899598
  ],
  "train_acc": [
    93.67732558139535,
    95.56686046511628,
    96.43895348837209,
    96.80232558139535,
    97.96511627906976
  ],
  "val_acc": [
    97.9933110367893,
    97.32441471571906,
    98.66220735785953,
    98.66220735785953,
    97.9933110367893
  ],
  "learning_rates": [
    0.001,
    0.001,
    0.001,
    0.001,
    0.001
  ],
  "epoch_times": [
    64.72445964813232,
    27.902978658676147,
    52.806376934051514,
    51.16097378730774,
    49.085835695266724
  ]
}