{
  "train_loss": [
    0.21053460452618988,
    0.10591257944010025,
    0.07640365018444352,
    0.05669659475774266,
    0.08222744910609583
  ],
  "val_loss": [
    0.06344513116672286,
    0.07694820441729248,
    0.03423012160450021,
    0.035029340267530254,
    0.0290401509455265
  ],
  "train_acc": [
    90.40697674418605,
    95.56686046511628,
    97.60174418604652,
    98.11046511627907,
    97.0203488372093
  ],
  "val_acc": [
    98.99665551839465,
    97.65886287625418,
    98.66220735785953,
    98.66220735785953,
    98.99665551839465
  ],
  "learning_rates": [
    0.001,
    0.001,
    0.001,
    0.001,
    0.001
  ],
  "epoch_times": [
    63.6201069355011,
    62.76396155357361,
    65.65939831733704,
    65.95213961601257,
    90.62816190719604
  ]
}