{
  "train_loss": [
    0.21565123099487188,
    0.07389959841316869,
    0.06475807184916596,
    0.0595381545271118,
    0.058008743707242225
  ],
  "val_loss": [
    0.05983722864036576,
    0.04437444964579515,
    0.03403518652935889,
    0.0370346267885189,
    0.02338402151725065
  ],
  "train_acc": [
    90.4796511627907,
    97.16569767441861,
    97.4563953488372,
    97.38372093023256,
    97.96511627906976
  ],
  "val_acc": [
    97.65886287625418,
    97.32441471571906,
    98.99665551839465,
    98.99665551839465,
    99.66555183946488
  ],
  "learning_rates": [
    0.001,
    0.001,
    0.001,
    0.001,
    0.001
  ],
  "epoch_times": [
    108.82863306999207,
    73.24840974807739,
    72.08699035644531,
    74.81812191009521,
    72.20986843109131
  ]
}