{
  "train_loss": [
    0.31439594352661177,
    0.23028762482626494,
    0.17455935902720274,
    0.18389873683106067,
    0.14258002108612725
  ],
  "val_loss": [
    0.13577324368159308,
    0.3160413554480243,
    0.0826538916938879,
    0.07184918872688127,
    0.07026676930188136
  ],
  "train_acc": [
    87.13662790697674,
    92.29651162790698,
    93.96802325581395,
    93.67732558139535,
    95.63953488372093
  ],
  "val_acc": [
    96.98996655518394,
    91.30434782608695,
    97.32441471571906,
    97.32441471571906,
    97.32441471571906
  ],
  "learning_rates": [
    0.001,
    0.001,
    0.001,
    0.001,
    0.001
  ],
  "epoch_times": [
    96.07303857803345,
    94.44250822067261,
    101.43007683753967,
    197.7795398235321,
    198.99085235595703
  ]
}