epoch,time,train/box_loss,train/cls_loss,train/dfl_loss,metrics/precision(B),metrics/recall(B),metrics/mAP50(B),metrics/mAP50-95(B),val/box_loss,val/cls_loss,val/dfl_loss,lr/pg0,lr/pg1,lr/pg2
1,62.6889,2.62398,3.8367,0.0124,0.04281,0.14559,0.05091,0.01617,2.63642,3.62831,0.01291,0.00011669,0.00011669,0.00011669
2,137.618,2.35276,3.65824,0.01021,0.04795,0.23974,0.05841,0.02286,2.24694,3.57223,0.01015,0.00020054,0.00020054,0.00020054
