epoch,time,train/box_loss,train/cls_loss,train/dfl_loss,metrics/precision(B),metrics/recall(B),metrics/mAP50(B),metrics/mAP50-95(B),val/box_loss,val/cls_loss,val/dfl_loss,lr/pg0,lr/pg1,lr/pg2
1,94.7674,2.60557,3.83109,0.01252,0.04245,0.15241,0.05428,0.01683,2.61908,3.62913,0.01271,0.00011669,0.00011669,0.00011669
2,170.438,2.35423,3.67711,0.01014,0.04963,0.26335,0.05985,0.02283,2.26963,3.56832,0.01029,0.00020054,0.00020054,0.00020054
3,240.773,2.11659,3.39329,0.00902,0.0628,0.35821,0.07282,0.02621,2.09073,3.51459,0.00926,0.00023158,0.00023158,0.00023158
4,323.743,2.0377,3.07795,0.00816,0.06439,0.36447,0.07867,0.03087,2.03399,3.36402,0.00875,0.000209809,0.000209809,0.000209809
5,387.974,1.97443,2.85564,0.00827,0.07236,0.4155,0.1074,0.04412,1.96629,3.27702,0.00865,0.000135227,0.000135227,0.000135227
