epoch,time,train/box_loss,train/cls_loss,train/dfl_loss,metrics/precision(B),metrics/recall(B),metrics/mAP50(B),metrics/mAP50-95(B),val/box_loss,val/cls_loss,val/dfl_loss,lr/pg0,lr/pg1,lr/pg2
1,67.2526,3.49601,3.82152,0.01935,0.00576,0.05638,0.00088,0.00022,3.3746,3.69444,0.02062,0.00011669,0.00011669,0.00011669
2,131.041,3.50538,3.78046,0.01966,0.00576,0.05638,0.00093,0.00024,3.37512,3.69388,0.02065,0.00020054,0.00020054,0.00020054
3,212.661,3.413,3.71054,0.01965,0.00576,0.05638,0.00094,0.00024,3.37638,3.69354,0.02069,0.00023158,0.00023158,0.00023158
4,273.599,3.38582,3.65677,0.01893,0.00571,0.05592,0.00089,0.00023,3.37887,3.69364,0.02075,0.000209809,0.000209809,0.000209809
5,336.762,3.3729,3.61637,0.0187,0.00571,0.05592,0.00103,0.00027,3.38043,3.69525,0.02079,0.000135227,0.000135227,0.000135227
